0.001,,,,,,all,,,,,,,,,,,,,,,,
0.002,,,,,,all,,,,,,,,,,,,,,,,
0.003,,,,,,all,,,,,,,,,,,,,,,,
0.004,,,,,,all,,,,,,,,,,,,,,,,
0.005,,,,,,all,,,,,,,,,,,,,,,,
0.006,,,,,,all,,,,,,,,,,,,,,,,
0.007,,,,,,all,,,,,,,,,,,,,,,,
0.008,,,,,,all,,,,,,,,,,,,,,,,
0.009,,,,,,all,,,,,,,,,,,,,,,,
0.010,,,,,,all,,,,,,,,,,,,,,,,
0.011,,,,,,all,,,,,,,,,,,,,,,,
0.012,,,,,,all,,,,,,,,,,,,,,,,
0.013,,,,,,all,,,,,,,,,,,,,,,,
0.014,,,,,,all,,,,,,,,,,,,,,,,
0.015,,,,,,all,,,,,,,,,,,,,,,,
0.016,,,,,,contents,,,,,,,,,,,,,,,,
0.1,,,,,,all,,,,,,,,,,,,,,,,
0.2,,,,,,all,,,,,,,,,,,,,,,,
0.3,,,,,,all,,,,,,,,,,,,,,,,
0.4,,,,,,all,,,,,,,,,,,,,,,,
0.5,,,,,,all,,,,,,,,,,,,,,,,
0.6,,,,,,all,,,,,,,,,,,,,,,,
0.7,,,,,,all,,,,,,,,,,,,,,,,
0.8,,,,,,all,,,,,,,,,,,,,,,,
0.9,,,,,,all,,,,,,,,,,,,,,,,
0.10,,,,,,,,,,,historic,,,,,,,,,,,
0.11,,,,,,,,,,sheltered,,,,,,,,,,,,
0.12,,,,,,all,,,,,,,,,,,,,,,,
0.13,,,,,,all,,,,,,,,,,,,,,,,
0.14,,,,,,,,,mixed,,,,,,,,,,,,,
0.15,,,,,,,,,mixed,,,,,,,,,,,,,
0.16,,,,,,,,,mixed,,,,,,,,,,,,,
0.17,,,,,,,,,,sheltered,,,,,,,,,,,,
0.18,,,,,,,,,mixed,,,,,,,,,,,,,
0.19,,,,,,,,,mixed,,,,,,,,,,,,,
B1,,,,,,all,,,,,,,,,,,,,,,,
1.01,,,,,,all,,,,,,,,,,,,,,,,
1.1,,,,,,all,,,,,,,,,,,,,,,,
1.2,,,,,,all,,,,,,,,,,,,,,,,
1.3,,,,,,all,,,,,,,,,,,,,,,,
1.4,,,,,,all,,,,,,,,,,,,,,,,
1.5,,,,,,,,,,,,largedwelling,,,,,,,,,,
1.6,,,,,,,,,,,,largedwelling,,,,,,,,,,
1.7,,,,,,,,,,,,largedwelling,,,,,,,,,,
1.8,,,,,,,,,,,,,extension,,,,,,,,,
1.9,,,,,,,,,,,,,extension,,,,,,,,,
1.10,,,,,,,,flats,,,,,,,,,,,,,,
1.11,,,,,,,,,,,,,,,student,,,,,,,
1.12,,,,,,,,flats,,sheltered,,,,,,,,,,,,
1.13,,,,,,,,flats,,sheltered,,,,,,,,,,,,
1.14,,,,,,all,,,,,,,,,,,,,,,,
1.15,,,,,,all,,,,,,,,,,,,,,,,
2.1,,,,,,,dwelling,,,,,,,,,,,,,,,
2.2,,,,,,,dwelling,,,,,,,,,,,,,,,
2.3,,,,,,,dwelling,,,,,,,,,,,,,,,
2.4,,,,,,,dwelling,,,,,,,,,,,,,,,
2.5,,,,,,,dwelling,,,,,,,,,,,,,,,
2.6,,,,,,,dwelling,,,,,,,,,,,,,,,
2.7,,,,,,,dwelling,,,,,,,,,,,,,,,
2.8,,,,,,,dwelling,,,,,,,,,,,,,,,
2.9,,,,,,,dwelling,,,,,,,,,,,,,,,
2.10,,,,,,,dwelling,,,,,,,,,,,,,,,
2.11,,,,,,,dwelling,,,,,,,,,,,,,,,
2.12,,,,,,,dwelling,,,,,,,,,,,,,,,
2.13,,,,,,,dwelling,,,,,,,,,,,,,,,
2.14,,,,,,,dwelling,,,,,,,,,,,,,,,
2.15,,,,,,,dwelling,,,,,,,,,,,,,,,
2.16,,,,,,,dwelling,,,,,,,,,,,,,,,
2.17,,,,,,,dwelling,,,,,,,,,,,,,,,
2.18,,,,,,,dwelling,,,,,,,,,,,,,,,
2.19,,,,,,,dwelling,,,,,,,,,,,,,,,
2.20,,,,,,,dwelling,,,,,,,,,,,,,,,
2.21,,,,,,,dwelling,,,,,,,,,,,,,,,
2.22,,,,,,,dwelling,,,,,,,,,,,,,,,
2.23,,,,,,,dwelling,,,,,,,,,,,,,,,
3.1,,,,,,,,flats,,,,,,,,,,,,,,
3.2,,,,,,,,flats,,,,,,,,,,,,,,
3.3,,,,,,,,flats,,,,,,,,,,,,,,
3.4,,,,,,,,flats,,,,,,,,,,,,,,
3.5,,,,,,,,,mixed,,,,,,,,,,,,,
3.6,,,,,,,,flats,,,,,,,,,,,,,,
3.7,,,,,,,,flats,,,,,,,,,,,,,,
3.8,,,,,,,,flats,,,,,,,,,,,,,,
3.9,,,,,,,,flats,,,,,,,,,,,,,,
3.10,,,,,,,,flats,,,,,,,,,,,,,,
3.11,,,,,,,,flats,,,,,,,,,,,,,,
3.12,,,,,,,,flats,,,,,,,,,,,,,,
3.13,,,,,,,,flats,,,,,,,,,,,,,,
3.14,,,,,,,,flats,,,,,,,,,,,,,,
3.15,,,,,,,,flats,,,,,,,,,,,,,,
3.16,,,,,,,,flats,,,,,,,,,,,,,,
3.17,,,,,,,,flats,,,,,,,,,,,,,,
3.18,,,,,,,,flats,,,,,,,,,,,,,,
3.18,,,,,,,,flats,,,,,,,,,,,,,,
3.19,,,,,,,,flats,,,,,,,,,,,,,,
3.20,,,,,,,,flats,,,,,,,,,,,,,,
3.21,,,,,,,,flats,,,,,,,,,,,,,,
3.22,,,,,,,,flats,,,,,,,,,,,,,,
3.23,,,,,,,,flats,,,,,,,,,,,,,,
3.24,,,,,,,,flats,,,,,,,,,,,,,,
3.25,,,,,,,,flats,,,,,,,,,,,,,,
3.26,,,,,,,,flats,,,,,,,,,,,,,,
3.27,,,,,,,,flats,,,,,,,,,,,,,,
3.28,,,,,,,,flats,,,,,,,,,,,,,,
3.29,,,,,,,,flats,,,,,,,,,,,,,,
3.30,,,,,,,,flats,,,,,,,,,,,,,,
3.31,,,,,,,,flats,,,,,,,,,,,,,,
3.33,,,,,,,,flats,,,,,,,,,,,,,,
3.34,,,,,,,,flats,,,,,,,,,,,,,,
3.35,,,,,,,,flats,,,,,,,,,,,,,,
3.36,,,,,,,,flats,,,,,,,,,,,,,,
3.37,,,,,,,,flats,,,,,,,,,,,,,,
3.38,,,,,,,,flats,,,,,,,,,,,,,,
3.39,,,,,,,,flats,,,,,,,,,,,,,,
3.40,,,,,,,,flats,,,,,,,,,,,,,,
3.41,,,,,,,,flats,,,,,,,,,,,,,,
3.42,,,,,,,,flats,,,,,,,,,,,,,,
3.43,,,,,,,,flats,,,,,,,,,,,,,,
3.44,,,,,,,,flats,,,,,,,,,,,,,,
3.45,,,,,,,,flats,,,,,,,,,,,,,,
3.46,,,,,,,,flats,,,,,,,,,,,,,,
3.47,,,,,,,,flats,,,,,,,,,,,,,,
3.48,,,,,,,,flats,,,,,,,,,,,,,,
3.49,,,,,,,,flats,,,,,,,,,,,,,,
3.50,,,,,,,,flats,,,,,,,,,,,,,,
3.51,,,,,,,,flats,,,,,,,,,,,,,,
3.52,,,,,,,,flats,,,,,,,,,,,,,,
3.53,,,,,,,,flats,,,,,,,,,,,,,,
3.54,,,,,,,,flats,,,,,,,,,,,,,,
3.55,,,,,,,,flats,,,,,,,,,,,,,,
3.56,,,,,,,,flats,,,,,,,,,,,,,,
3.57,,,,,,,,flats,,,,,,,,,,,,,,
3.58,,,,,,,,flats,,,,,,,,,,,,,,
3.59,,,,,,,,flats,,,,,,,,,,,,,,
3.60,,,,,,,,flats,,,,,,,,,,,,,,
3.61,,,,,,,,flats,,,,,,,,,,,,,,
3.62,,,,,,,,flats,,,,,,,,,,,,,,
3.63,,,,,,,,flats,,,,,,,,,,,,,,
3.64,,,,,,,,flats,,,,,,,,,,,,,,
3.65,,,,,,,,flats,,,,,,,,,,,,,,
3.66,,,,,,,,flats,,,,,,,,,,,,,,
3.67,,,,,,,,flats,,,,,,,,,,,,,,
3.68,,,,,,,,flats,,,,,,,,,,,,,,
3.69,,,,,,,,flats,,,,,,,,,,,,,,
3.70,,,,,,,,flats,,,,,,,,,,,,,,
3.71,,,,,,,,flats,,,,,,,,,,,,,,
3.72,,,,,,,,flats,,,,,,,,,,,,,,
3.73,,,,,,,,flats,,,,,,,,,,,,,,
3.74,,,,,,,,flats,,,,,,,,,,,,,,
3.75,,,,,,,,flats,,,,,,,,,,,,,,
3.76,,,,,,,,flats,,,,,,,,,,,,,,
3.77,,,,,,,,flats,,,,,,,,,,,,,,
3.78,,,,,,,,flats,,,,,,,,,,,,,,
3.79,,,,,,,,flats,,,,,,,,,,,,,,
3.80,,,,,,,,flats,,,,,,,,,,,,,,
3.81,,,,,,,,flats,,,,,,,,,,,,,,
3.82,,,,,,,,flats,,,,,,,,,,,,,,
3.83,,,,,,,,flats,,,,,,,,,,,,,,
3.84,,,,,,,,flats,,,,,,,,,,,,,,
3.85,,,,,,,,flats,,,,,,,,,,,,,,
3.86,,,,,,,,flats,,,,,,,,,,,,,,
3.87,,,,,,,,flats,,,,,,,,,,,,,,
3.88,,,,,,,,flats,,,,,,,,,,,,,,
3.89,,,,,,,,flats,,,,,,,,,,,,,,
3.90,,,,,,,,flats,,,,,,,,,,,,,,
3.91,,,,,,,,flats,,,,,,,,,,,,,,
3.92,,,,,,,,flats,,,,,,,,,,,,,,
3.93,,,,,,,,flats,,,,,,,,,,,,,,
3.94,,,,,,,,flats,,,,,,,,,,,,,,
3.95,,,,,,,,flats,,,,,,,,,,,,,,
3.96,,,,,,,,flats,,,,,,,,,,,,,,
3.97,,,,,,,,flats,,,,,,,,,,,,,,
3.98,,,,,,,,flats,,,,,,,,,,,,,,
3.99,,,,,,,,flats,,,,,,,,,,,,,,
3.100,,,,,,,,flats,,,,,,,,,,,,,,
3.101,,,,,,,,flats,,,,,,,,,,,,,,
3.102,,,,,,,,flats,,,,,,,,,,,,,,
3.103,,,,,,,,flats,,,,,,,,,,,,,,
3.104,,,,,,,,flats,,,,,,,,,,,,,,
3.105,,,,,,,,flats,,,,,,,,,,,,,,
3.106,,,,,,,,flats,,,,,,,,,,,,,,
3.107,,,,,,,,flats,,,,,,,,,,,,,,
B2,,,,,,all,,,,,,,,,,,,,,,,
4.0,,,,,,all,,,,,,,,,,,,,,,,
4.01,,,,,,all,,,,,,,,,,,,,,,,
4.1,,,,,,all,,,,,,,,,,,,,,,,
4.2,,,,,,all,,,,,,,,,,,,,,,,
4.3,,,,,,all,,,,,,,,,,,,,,,,
4.4,,,,,,all,,,,,,,,,,,,,,,,
4.5,,,,,,all,,,,,,,,,,,,,,,,
4.6,,,,,,all,,,,,,,,,,,,,,,,
4.7,,,,,,all,,,,,,,,,,,,,,,,
4.8,,,,,,all,,,,,,,,,,,,,,,,
4.9,,,,,,all,,,,,,,,,,,,,,,,
4.10,,,,,,all,,,,,,,,,,,,,,,,
4.11,,,,,,all,,,,,,,,,,,,,,,,
4.111,,,,,,all,,,,,,,,,,,,,,,,
4.12,,,,,,all,,,,,,,,,,,,,,,,
4.13,,,,,,all,,,,,,,,,,,,,,,,
4.14,,,,,,all,,,,,,,,,,,,,,,,
4.15,,,,,,all,,,,,,,,,,,,,,,,
4.16,,,,,,all,,,,,,,,,,,,,,,,
4.17,,,,,,all,,,,,,,,,,,,,,,,
B3,,,,,,all,,,,,,,,,,,,,,,,
5,,,,,,all,,,,,,,,,,,,,,,,
5.01,,,,,,all,,,,,,,,,,,,,,,,
5.02,,,,,,all,,,,,,,,,,,,,,,,
5.03,,,,,,all,,,,,,,,,,,,,,,,
5.1,,,,,,dwelling,,,,,,,,,,,,,,,,
5.2,,,,,,dwelling,,,,,,,,,,,,,,,,
5.3,,,,,,dwelling,,,,,,,,,,,,,,,,
5.4,,,,,,,,,,,,,,,,loft,,,,,,
5.401,,,,,,all,,,,,,,,,,,,,,,,
5.5,,,,,,dwelling,,,,,,,,,,,,,,,,
5.6,,,,,,,,,,,,,,,,,garage,,,,,
5.7,,,,,,,,,,,,,,,,,garage,,,,,
5.701,,,,,,,,,,,,,,,,,,,,,,
5.8,,,,,,dwelling,,,,,,,,,,,,,,,,
5.9,,,,,,dwelling,,,,,,,,,,,,,,,,
5.10,,,,,,dwelling,,,,,,,,,,,,,,,,
5.11,,,,,,dwelling,,,,,,,,,,,,,,,,
5.12,,,,,,dwelling,,,,,,,,,,,,,,,,
5.13,,,,,,dwelling,,,,,,,,,,,,,,,,
5.14,,,,,,dwelling,,,,,,,,,,,,,,,,
5.15,,,,,,dwelling,,,,,,,,,,,,,,,,
5.16,,,,,,dwelling,,,,,,,,,,,,,,,,
5.17,,,,,,dwelling,,,,,,,,,,,,,,,,
5.18,,,,,,dwelling,,,,,,,,,,,,,,,,
5.19,,,,,,dwelling,,,,,,,,,,,,,,,,
5.20,,,,,,dwelling,,,,,,,,,,,,,,,,
5.21,,,,,,dwelling,,,,,,,,,,,,,,,,
5.22,,,,,,dwelling,,,,,,,,,,,,,,,,
5.23,,,,,,dwelling,,,,,,,,,,,,,,,,
5.24,,,,,,dwelling,,,,,,,,,,,,,,,,
6.1,,,,,,,flats,,,,,,,,,,,,,,,
6.2,,,,,,,flats,,,,,,,,,,,,,,,
6.3,,,,,,,flats,,,,,,,,,,,,,,,
6.4,,,,,,,flats,,,,,,,,,,,,,,,
6.5,,,,,,,,,,,,,,,,,,conversion,,,,
6.6,,,,,,,,,,,,,,,,,,conversion,,,,
6.7,,,,,,,,,,,,,,,,,,conversion,,,,
7.1,,,,,,,flats,,,,,,,,,,,,,,,
7.2,,,,,,,flats,,,,,,,,,,,,,,,
7.3,,,,,,,flats,,,,,,,,,,,,,,,
7.4,,,,,,,flats,,,,,,,,,,,,,,,
7.5,,,,,,,flats,,,,,,,,,,,,,,,
7.6,,,,,,,flats,,,,,,,,,,,,,,,
7.7,,,,,,,flats,,,,,,,,,,,,,,,
7.8,,,,,,,flats,,,,,,,,,,,,,,,
7.9,,,,,,,flats,,,,,,,,,,,,,,,
7.10,,,,,,,flats,,,,,,,,,,,,,,,
7.11,,,,,,,flats,,,,,,,,,,,,,,,
7.12,,,,,,,flats,,,,,,,,,,,,,,,
7.13,,,,,,,flats,,,,,,,,,,,,,,,
7.14,,,,,,,flats,,,,,,,,,,,,,,,
7.15,,,,,,,flats,,,,,,,,,,,,,,,
7.16,,,,,,,flats,,,,,,,,,,,,,,,
7.17,,,,,,,flats,,,,,,,,,,,,,,,
7.18,,,,,,,flats,,,,,,,,,,,,,,,
7.19,,,,,,,flats,,,,,,,,,,,,,,,
7.20,,,,,,,flats,,,,,,,,,,,,,,,
7.21,,,,,,,flats,,,,,,,,,,,,,,,
7.22,,,,,,,flats,,,,,,,,,,,,,,,
7.23,,,,,,,flats,,,,,,,,,,,,,,,
7.24,,,,,,,flats,,,,,,,,,,,,,,,
7.25,,,,,,,flats,,,,,,,,,,,,,,,
7.26,,,,,,,flats,,,,,,,,,,,,,,,
7.27,,,,,,,flats,,,,,,,,,,,,,,,
7.28,,,,,,,flats,,,,,,,,,,,,,,,
7.29,,,,,,,flats,,,,,,,,,,,,,,,
8.1,,,,,,,flats,,,,,,,,,,,,,,,
8.2,,,,,,,flats,,,,,,,,,,,,,,,
8.3,,,,,,,flats,,,,,,,,,,,,,,,
8.4,,,,,,,flats,,,,,,,,,,,,,,,
8.5,,,,,,,flats,,,,,,,,,,,,,,,
8.6,,,,,,,flats,,,,,,,,,,,,,,,
8.7,,,,,,,flats,,,,,,,,,,,,,,,
8.8,,,,,,,flats,,,,,,,,,,,,,,,
8.9,,,,,,,flats,,,,,,,,,,,,,,,
9.1,,,,,,all,,,,,,,,,,,,,,,,
9.2,,,,,,all,,,,,,,,,,,,,,,,
9.3,,,,,,all,,,,,,,,,,,,,,,,
9.4,,,,,,all,,,,,,,,,,,,,,,,
9.5,,,,,,all,,,,,,,,,,,,,,,,
9.6,,,,,,,,,,,,,,,,,,,mechvent,,,
9.7,,,,,,,,,,,,,,,,,,,mechvent,,,
9.8,,,,,,,,,,,,,,,,,,,mechvent,,,
9.9,,,,,,,,,,,,,,,,,,,mechvent,,,
9.10,,,,,,,,,,,,,,,,,,,mechvent,,,
9.11,,,,,,,,,,,,,,,,,,,mechvent,,,
9.12,,,,,,all,,,,,,,,,,,,,,,,
9.13,,,,,,all,,,,,,,,,,,,,,,,
9.14,,,,,,all,,,,,,,,,,,,,,,,
9.15,,,,,,all,,,,,,,,,,,,,,,,
9.16,,,,,,,,,,,,,,,,,,,mechvent,,,
9.17,,,,,,,,,,,,,,,,,,,mechvent,,,
9.18,,,,,,,,,,,,,,,,,,,mechvent,,,
9.19,,,,,,,,,,,,,,,,,,,mechvent,,,
9.20,,,,,,,,,,,,,,,,,,,mechvent,,,
9.21,,,,,,,,,,,,,,,,,,,mechvent,,,
9.22,,,,,,,,,,,,,,,,,,,mechvent,,,
9.23,,,,,,all,,,,,,,,,,,,,,,,
9.24,,,,,,all,,,,,,,,,,,,,,,,
9.25,,,,,,all,,,,,,,,,,,,,,,,
9.26,,,,,,all,,,,,,,,,,,,,,,,
9.27,,,,,,all,,,,,,,,,,,,,,,,
9.28,,,,,,all,,,,,,,,,,,,,,,,
9.29,,,,,,all,,,,,,,,,,,,,,,,
B4,,,,,,all,,,,,,,,,,,,,,,,
10.001,,,,,,all,,,,,,,,,,,,,,,,
10.002,,,,,,all,,,,,,,,,,,,,,,,
10.1,,,,,,all,,,,,,,,,,,,,,,,
10.2,,,,,,all,,,,,,,,,,,,,,,,
10.3,,,,,,all,,,,,,,,,,,,,,,,
10.4,,,,,,all,,,,,,,,,,,,,,,,
10.5,,,,,,all,,,,,,,,,,,,,,,,
10.6,,,,,,,,,,,,,,,,,,,,storeyheightabove18m,,
10.7,,,,,,,,,,,,,,,,,,,,,greenwall,
10.8,,,,,,all,,,,,,,,,,,,,,,,
10.9,,,,,,all,,,,,,,,,,,,,,,,
10.10,,,,,,,,,,,,,,,,,,,,storeyheightabove18m,,
10.11,,,,,,all,,,,,,,,,,,,,,,,
10.12,,,,,,all,,,,,,,,,,,,,,,,
10.13,,,,,,all,,,,,,,,,,,,,,,,
10.14,,,,,,all,,,,,,,,,,,,,,,,
10.15,,,,,,all,,,,,,,,,,,,,,,,
11.1,,,,,,all,,,,,,,,,,,,,,,,
11.2,,,,,,all,,,,,,,,,,,,,,,,
11.3,,,,,,all,,,,,,,,,,,,,,,,
11.4,,,,,,all,,,,,,,,,,,,,,,,
11.5,,,,,,all,,,,,,,,,,,,,,,,
11.6,,,,,,all,,,,,,,,,,,,,,,,
11.7,,,,,,all,,,,,,,,,,,,,,,,
11.8,,,,,,all,,,,,,,,,,,,,,,,
11.9,,,,,,all,,,,,,,,,,,,,,,,
11.10,,,,,,all,,,,,,,,,,,,,,,,
11.11,,,,,,all,,,,,,,,,,,,,,,,
11.12,,,,,,all,,,,,,,,,,,,,,,,
11.13,,,,,,all,,,,,,,,,,,,,,,,
11.14,,,,,,all,,,,,,,,,,,,,,,,
11.15,,,,,,all,,,,,,,,,,,,,,,,
11.16,,,,,,all,,,,,,,,,,,,,,,,
11.17,,,,,,all,,,,,,,,,,,,,,,,
11.18,,,,,,all,,,,,,,,,,,,,,,,
11.19,,,,,,all,,,,,,,,,,,,,,,,
11.20,,,,,,all,,,,,,,,,,,,,,,,
11.21,,,,,,all,,,,,,,,,,,,,,,,
12.1,,,,,,all,,,,,,,,,,,,,,,,
12.2,,,,,,all,,,,,,,,,,,,,,,,
12.3,,,,,,all,,,,,,,,,,,,,,,,
12.4,,,,,,all,,,,,,,,,,,,,,,,
12.5,,,,,,all,,,,,,,,,,,,,,,,
12.6,,,,,,all,,,,,,,,,,,,,,,,
12.7,,,,,,all,,,,,,,,,,,,,,,,
12.8,,,,,,all,,,,,,,,,,,,,,,,
12.9,,,,,,,,,,,,,,,,,,,,,,thatch
B5,,,,,,all,,,,,,,,,,,,,,,,
13.1,,,,,,all,,,,,,,,,,,,,,,,
13.2,,,,,,,dwelling,,,,,,,,,,,,,,,
13.3,,,,,,,,flats,,,,,,,,,,,,,,
13.4,,,,,,all,,,,,,,,,,,,,,,,
13.5,,,,,,,,flats,,,,,,,,,,,,,,
13.6,,,,,,,,flats,,,,,,,,,,,,,,
14.1,,,,,,,,flats,,,,,,,,,,,,,,
14.2,,,,,,,,flats,,,,,,,,,,,,,,
14.3,,,,,,,,flats,,,,,,,,,,,,,,
14.4,,,,,,,,flats,,,,,,,,,,,,,,
14.5,,,,,,,,flats,,,,,,,,,,,,,,
14.6,,,,,,,,flats,,,,,,,,,,,,,,
14.7,,,,,,,,flats,,,,,,,,,,,,,,
14.8,,,,,,,,flats,,,,,,,,,,,,,,
14.9,,,,,,,,flats,,,,,,,,,,,,,,
14.10,,,,,,,,flats,,,,,,,,,,,,,,
14.11,,,,,,,,flats,,,,,,,,,,,,,,
14.12,,,,,,,,flats,,,,,,,,,,,,,,
14.13,,,,,,,,flats,,,,,,,,,,,,,,
15.1,,,,,,,,flats,,,,,,,,,,,,,,
15.2,,,,,,,,flats,,,,,,,,,,,,,,
15.3,,,,,,,,flats,,,,,,,,,,,,,,
15.4,,,,,,,,flats,,,,,,,,,,,,,,
15.5,,,,,,,,flats,,,,,,,,,,,,,,
15.6,,,,,,,,flats,,,,,,,,,,,,,,
15.7,,,,,,,,flats,,,,,,,,,,,,,,
15.8,,,,,,,,flats,,,,,,,,,,,,,,
15.9,,,,,,,,flats,,,,,,,,,,,,,,
15.10,,,,,,,,flats,,,,,,,,,,,,,,
15.11,,,,,,,,flats,,,,,,,,,,,,,,
16.1,,,,,,,,flats,,,,,,,,,,,,,,
16.2,,,,,,,,flats,,,,,,,,,,,,,,
16.3,,,,,,,,flats,,,,,,,,,,,,,,
16.7,,,,,,,,flats,,,,,,,,,,,,,,
16.8,,,,,,,,flats,,,,,,,,,,,,,,
16.9,,,,,,,,flats,,,,,,,,,,,,,,
16.10,,,,,,,,flats,,,,,,,,,,,,,,
16.11,,,,,,,,flats,,,,,,,,,,,,,,
16.12,,,,,,,,flats,,,,,,,,,,,,,,
16.13,,,,,,,,flats,,,,,,,,,,,,,,
16.14,,,,,,,,flats,,,,,,,,,,,,,,
R38,,,,,,all,,,,,,,,,,,,,,,,
17.000,,,,,,all,,,,,,,,,,,,,,,,
17.001,,,,,,all,,,,,,,,,,,,,,,,
17.002,,,,,,all,,,,,,,,,,,,,,,,
17.1,,,,,,all,,,,,,,,,,,,,,,,
17.2,,,,,,all,,,,,,,,,,,,,,,,
17.3,,,,,,all,,,,,,,,,,,,,,,,
17.4,,,,,,all,,,,,,,,,,,,,,,,
17.5,,,,,,all,,,,,,,,,,,,,,,,
17.6,,,,,,all,,,,,,,,,,,,,,,,
AppA,,,,,,all,,,,,,,,,,,,,,,,
AppB,,,,,,all,,,,,,,,,,,,,,,,
AB1,,,,,,all,,,,,,,,,,,,,,,,
AB2,,,,,,all,,,,,,,,,,,,,,,,
AB3,,,,,,all,,,,,,,,,,,,,,,,
AB4,,,,,,all,,,,,,,,,,,,,,,,
AB5,,,,,,all,,,,,,,,,,,,,,,,
AB6,,,,,,all,,,,,,,,,,,,,,,,
AB7,,,,,,all,,,,,,,,,,,,,,,,
AB8,,,,,,all,,,,,,,,,,,,,,,,
AB9,,,,,,all,,,,,,,,,,,,,,,,
AB10,,,,,,all,,,,,,,,,,,,,,,,
AB11,,,,,,all,,,,,,,,,,,,,,,,
AB12,,,,,,all,,,,,,,,,,,,,,,,
AB13,,,,,,all,,,,,,,,,,,,,,,,
AB14,,,,,,all,,,,,,,,,,,,,,,,
AB15,,,,,,all,,,,,,,,,,,,,,,,
AB16,,,,,,all,,,,,,,,,,,,,,,,
AB17,,,,,,all,,,,,,,,,,,,,,,,
AB18,,,,,,all,,,,,,,,,,,,,,,,
AB19,,,,,,all,,,,,,,,,,,,,,,,
AB20,,,,,,all,,,,,,,,,,,,,,,,
AB21,,,,,,all,,,,,,,,,,,,,,,,
AB22,,,,,,all,,,,,,,,,,,,,,,,
AB23,,,,,,all,,,,,,,,,,,,,,,,
AB24,,,,,,all,,,,,,,,,,,,,,,,
AB25,,,,,,all,,,,,,,,,,,,,,,,
AB26,,,,,,all,,,,,,,,,,,,,,,,
AB27,,,,,,all,,,,,,,,,,,,,,,,
APPC,,,,,,all,,,,,,,,,,,,,,,,
AC1,,,,,,all,,,,,,,,,,,,,,,,
AC2,,,,,,all,,,,,,,,,,,,,,,,
AC3,,,,,,all,,,,,,,,,,,,,,,,
AC4,,,,,,all,,,,,,,,,,,,,,,,
AC5,,,,,,all,,,,,,,,,,,,,,,,
AC6,,,,,,all,,,,,,,,,,,,,,,,
AC7,,,,,,all,,,,,,,,,,,,,,,,
AC8,,,,,,all,,,,,,,,,,,,,,,,
AC9,,,,,,all,,,,,,,,,,,,,,,,
AC10,,,,,,all,,,,,,,,,,,,,,,,
AC11,,,,,,all,,,,,,,,,,,,,,,,
AC12,,,,,,all,,,,,,,,,,,,,,,,
AC13,,,,,,all,,,,,,,,,,,,,,,,
AC14,,,,,,all,,,,,,,,,,,,,,,,
AC15,,,,,,all,,,,,,,,,,,,,,,,
APPD,,,,,,all,,,,,,,,,,,,,,,,
AD1,,,,,,all,,,,,,,,,,,,,,,,
AD2,,,,,,all,,,,,,,,,,,,,,,,
AD3,,,,,,all,,,,,,,,,,,,,,,,
AD4,,,,,,all,,,,,,,,,,,,,,,,
AD5,,,,,,all,,,,,,,,,,,,,,,,
APPE,,,,,,all,,,,,,,,,,,,,,,,
AE1,,,,,,all,,,,,,,,,,,,,,,,
AE2,,,,,,all,,,,,,,,,,,,,,,,
AE3,,,,,,all,,,,,,,,,,,,,,,,
AE4,,,,,,all,,,,,,,,,,,,,,,,
AE5,,,,,,all,,,,,,,,,,,,,,,,
AE6,,,,,,all,,,,,,,,,,,,,,,,
APPF,,,,,,all,,,,,,,,,,,,,,,,
APPG,,,,,,all,,,,,,,,,,,,,,,,
INDEX,,,,,,index,,,,,,,,,,,,,,,,
END,,,,,,end,,,,,,,,,,,,,,,,
